Date,Open,High,Low,Close
6/2/2019,8558.95,8606.53,8550,8570.34
6/1/2019,8554.06,8618,8452.21,8558.95
5/31/2019,8279.69,8580,8110,8554.06
5/30/2019,8662.44,9090,7972,8279.69
5/29/2019,8715.36,8760.43,8426.09,8662.44
5/28/2019,8772.29,8822.46,8545,8715.36
5/27/2019,8731.72,8947.88,8611.44,8772.29
5/26/2019,8063.81,8793.97,7881.7,8731.72
5/25/2019,8001.7,8149,7941.25,8063.81
5/24/2019,7881.98,8175,7794.73,8001.7
5/23/2019,7626.48,7984.9,7467.1,7881.98
5/22/2019,7951.7,8044.32,7506.12,7626.48
5/21/2019,7999.54,8112.99,7805.34,7951.7
5/20/2019,8200,8200,7570.31,7999.54
5/19/2019,7262.4,8315,7252.58,8200
5/18/2019,7363.69,7491.22,7204.42,7262.4
5/17/2019,7878.96,7940.75,6600,7363.69
5/16/2019,8203.32,8388,7660.74,7878.96
5/15/2019,7990.92,8308.16,7831.77,8203.32
5/14/2019,7824.93,8350,7621.27,7990.92
5/13/2019,6979.76,8190.55,6864.93,7824.93
5/12/2019,7219.95,7581.82,6755,6979.76
5/11/2019,6343.14,7464.13,6342.98,7219.95
5/10/2019,6153.09,6430,6108.81,6343.14
5/9/2019,5948.41,6171.1,5934.49,6153.09
5/8/2019,5748.45,5990,5656.26,5948.41
5/7/2019,5687.9,5966.37,5687.9,5907.47
5/6/2019,5715.86,5753.66,5564.93,5687.9
5/5/2019,5770.01,5782.22,5627.35,5715.86
5/4/2019,5657.4,5846.88,5512,5770.01
5/3/2019,5390.01,5796.93,5363,5657.4
5/2/2019,5321.15,5422.99,5306.09,5390.01
5/1/2019,5270.69,5358.39,5265.61,5321.15
4/30/2019,5148.25,5285,5126.25,5270.69
4/29/2019,5155,5189.54,5072.01,5148.25
4/28/2019,5170.6,5214.5,5101,5155
4/27/2019,5159.51,5221.24,5117.46,5170.6
4/26/2019,5134.81,5295.03,5041.14,5159.51
4/25/2019,5441.9,5512.12,4963,5134.81
4/24/2019,5532.75,5624.47,5374,5441.9
4/23/2019,5387.6,5650.01,5361.01,5532.75
4/22/2019,5297.64,5440.84,5250.45,5387.6
4/21/2019,5319.89,5349.16,5213.34,5297.64
4/20/2019,5290.37,5359.98,5260.24,5319.89
4/19/2019,5281.81,5359.47,5196.7,5290.37
4/18/2019,5227,5318.18,5222.26,5281.81
4/17/2019,5202.9,5272.32,5173.11,5227
4/16/2019,5029.99,5229.97,5016.45,5202.9
4/15/2019,5164.27,5193.01,4945.54,5029.99
4/14/2019,5066.22,5191.19,5013.81,5164.27
4/13/2019,5078.19,5123.28,5036.74,5066.22
4/12/2019,5040.12,5118.56,4901.99,5078.19
4/11/2019,5318.58,5342.74,4967.24,5040.12
4/10/2019,5193.49,5488,5164.49,5318.58
4/9/2019,5285.54,5287,5145,5193.49
4/8/2019,5194.79,5352.5,5132.28,5285.54
4/7/2019,5044.13,5270.33,5029.7,5194.79
4/6/2019,5040.66,5244.04,4925,5044.13
4/5/2019,4907.3,5066.59,4887.34,5040.66
4/4/2019,4975.97,5071.34,4778.84,4907.3
4/3/2019,4901.93,5345,4787.11,4975.97
4/2/2019,4137.01,5100.78,4133.15,4901.93
4/1/2019,4094.99,4149.5,4051.53,4137.01
3/19/2019,3970.5,3984.58,3969.58,3975.01
3/18/2019,3967.01,4015.7,3937.69,3970.5
3/17/2019,3990,3991,3936.3,3967.01
3/16/2019,3902.8,4037.47,3900.93,3990
3/15/2019,3853.95,3910,3846.79,3902.8
3/14/2019,3851.02,3900,3779.28,3853.95
3/13/2019,3860,3871.02,3827.5,3851.02
3/12/2019,3849.68,3875.33,3798.16,3860
3/11/2019,3900.92,3911.83,3817.01,3849.68
3/10/2019,3917,3917,3867.84,3900.92
3/9/2019,3843.12,3947.33,3834.59,3917
3/8/2019,3857.05,3910.88,3771,3843.12
3/7/2019,3851.89,3891,3830.79,3857.05
3/6/2019,3844.59,3894.7,3812,3851.89
3/5/2019,3700.72,3874.98,3692.36,3844.59
3/4/2019,3786.93,3804.99,3672.39,3700.72
3/3/2019,3809.7,3815.48,3763.62,3786.93
3/2/2019,3806.17,3818.08,3763,3809.7
3/1/2019,3792.14,3843,3791.31,3806.17
2/28/2019,3799.92,3899.99,3755.21,3792.14
2/27/2019,3799.48,3823.13,3655,3799.92
2/26/2019,3818.79,3826.37,3763.71,3799.48
2/25/2019,3734.22,3860,3731.09,3818.79
2/24/2019,4110,4188.79,3712.84,3734.22
2/23/2019,3942.02,4156.1,3911.3,4110
2/22/2019,3897.71,3956.43,3886.15,3942.02
2/21/2019,3938.99,3988,3869.45,3897.71
2/20/2019,3888.01,3967.19,3867.13,3938.99
2/19/2019,3867,3969.54,3841.54,3888.01
2/18/2019,3625.08,3917,3616.18,3867
2/17/2019,3582.37,3675,3557.43,3625.08
2/16/2019,3566.59,3607.36,3565.5,3582.37
2/15/2019,3561.5,3620.22,3545.89,3566.59
2/14/2019,3576.68,3589,3535.1,3561.5
2/13/2019,3588.06,3627.99,3562.98,3576.68
2/12/2019,3590.36,3618.77,3550,3588.06
2/11/2019,3648.85,3652,3579.38,3590.36
2/10/2019,3623.73,3654.28,3578.59,3648.85
2/9/2019,3622,3642.11,3597,3623.73
2/8/2019,3359,3711,3344,3622
2/7/2019,3367.36,3383.14,3352.01,3359
2/6/2019,3428.4,3441,3340.8,3367.36
2/5/2019,3409.57,3429.46,3400,3428.4
2/4/2019,3414.78,3435,3395.1,3409.57
2/3/2019,3468.43,3471.76,3386.45,3414.78
2/2/2019,3437.5,3483.24,3414.49,3468.43
2/1/2019,3411.49,3458.26,3369.62,3437.5
1/31/2019,3437.55,3473.4,3396.74,3411.49
1/30/2019,3397.42,3459.41,3373.35,3437.55
1/29/2019,3429.95,3438.4,3337.87,3397.42
1/28/2019,3531.01,3535.92,3374.02,3429.95
1/27/2019,3556.07,3562.9,3471.98,3531.01
1/26/2019,3562.18,3657.76,3540,3556.07
1/25/2019,3568.97,3578.79,3510.01,3562.18
1/24/2019,3553.01,3595.83,3530.1,3568.97
1/23/2019,3577.03,3614.47,3523.64,3553.01
1/22/2019,3531.76,3611.5,3425,3577.03
1/21/2019,3536.19,3568.95,3487.37,3531.76
1/20/2019,3682.65,3703.39,3481.01,3536.19
1/19/2019,3607.85,3759.98,3604.9,3682.65
1/18/2019,3640.65,3643.69,3580.16,3607.85
1/17/2019,3609.71,3657,3541.29,3640.65
1/16/2019,3580.76,3666.73,3572.52,3609.71
1/15/2019,3664.19,3684.38,3540,3580.76
1/14/2019,3514.24,3711.1,3509.24,3664.19
1/13/2019,3619.41,3641.86,3482,3514.24
1/12/2019,3635.69,3649.18,3557.29,3619.41
1/11/2019,3626.12,3699.26,3576.09,3635.69
1/10/2019,4004.12,4035.21,3560,3626.12
1/9/2019,3993.86,4042.2,3962.12,4004.12
1/8/2019,4006.01,4114.8,3945,3993.86
1/7/2019,4040.99,4070,3968.79,4006.01
1/6/2019,3798.62,4088,3756.01,4040.99
1/5/2019,3820.25,3874.12,3775,3798.62
1/4/2019,3787.57,3849,3730,3820.25
1/3/2019,3890.79,3893.8,3758.07,3787.57
1/2/2019,3826.09,3916.57,3770.07,3890.79
1/1/2019,3691.86,3841.17,3651.02,3826.09
12/31/2018,3829,3835.4,3625.84,3691.86
12/30/2018,3729.31,3863.06,3691.01,3829
12/29/2018,3888.06,3944.33,3706,3729.31
12/28/2018,3589.89,3971.58,3576.12,3888.06
12/27/2018,3809.88,3841.21,3567,3589.89
12/26/2018,3780,3849.2,3685.02,3809.88
12/25/2018,4034,4045.41,3676.15,3780
12/24/2018,3944.93,4239.37,3944.92,4034
12/23/2018,3980.46,4050,3904.87,3944.93
12/22/2018,3839.06,4005,3790.16,3980.46
12/21/2018,4075.34,4162.27,3775,3839.06
12/20/2018,3682.51,4175,3661.5,4075.34
12/19/2018,3667.77,3928.15,3642.17,3682.51
12/18/2018,3496.82,3688,3436.5,3667.77
12/17/2018,3195,3585.95,3184.28,3496.82
12/16/2018,3183,3258,3181.24,3195
12/15/2018,3195.71,3228.69,3130,3183
12/14/2018,3265,3294.9,3135,3195.71
12/13/2018,3430.24,3439.63,3227.96,3265
12/12/2018,3349.36,3486.16,3325.58,3430.24
12/11/2018,3410.15,3424.92,3293.49,3355.68
12/10/2018,3531.18,3590.71,3354.97,3410.15
12/9/2018,3401,3642.51,3373.52,3531.18
12/8/2018,3380.01,3495,3253.66,3401
12/7/2018,3433.26,3544.99,3212,3380.01
12/6/2018,3694.39,3849,3401,3433.26
12/5/2018,3901.84,3912.53,3660,3694.39
12/4/2018,3833.47,4035.1,3732.43,3901.84
12/3/2018,4103.19,4119.98,3741.95,3833.47
12/2/2018,4142.01,4263.77,4036,4103.19
12/1/2018,3976,4275.42,3910.08,4142.01
11/30/2018,4248,4297.71,3869,3975.48
11/29/2018,4225.03,4410.52,4078.21,4248
11/28/2018,3775,4365,3775,4225.03
11/27/2018,3731.32,3830,3562.9,3775
11/26/2018,3936.69,4076.25,3510,3731.32
11/25/2018,3774.99,4120,3457.81,3936.69
11/24/2018,4283.8,4370.78,3650.84,3774.99
11/23/2018,4263.66,4366.05,4086.16,4283.8
11/22/2018,4545.11,4589,4238.69,4263.66
11/21/2018,4349.23,4627.55,4239.01,4545.11
11/20/2018,4733.5,4889,4035,4349.23
11/19/2018,5560,5560,4670.63,4733.5
11/18/2018,5504.17,5665,5503.34,5560
11/17/2018,5512.24,5544,5450.84,5504.17
11/16/2018,5579.52,5609.91,5410,5512.24
11/15/2018,5605.46,5645,5190,5579.52
11/14/2018,6259.35,6293.38,5281.01,5605.46
11/13/2018,6327.86,6328.22,6252.5,6259.35
11/12/2018,6357.6,6383.59,6305.95,6327.86
11/11/2018,6347.42,6360,6271.15,6357.6
11/10/2018,6334.89,6374,6327.46,6347.42
11/9/2018,6406.25,6415,6309.45,6334.89
11/8/2018,6503.12,6511.88,6391.99,6406.25
11/7/2018,6448.5,6540,6448.5,6503.12
11/6/2018,6404,6449.65,6387.82,6448.5
11/5/2018,6423.28,6439.99,6372,6404
11/4/2018,6331.96,6464.15,6314.82,6423.28
11/3/2018,6349.8,6351.7,6315.91,6331.96
11/2/2018,6343.99,6378.77,6333.94,6349.8
11/1/2018,6304.18,6360,6293.44,6343.99
10/31/2018,6267.63,6353.24,6203.72,6304.18
10/30/2018,6266,6289,6240.54,6267.63
10/29/2018,6403.62,6414.99,6211,6266
10/28/2018,6409.12,6415,6380.01,6403.62
10/27/2018,6404.87,6421.76,6390,6409.12
10/26/2018,6395.58,6450,6383.54,6404.87
10/25/2018,6415.97,6422,6379.74,6395.58
10/24/2018,6395.14,6470.99,6395.13,6415.97
10/23/2018,6407.65,6411.5,6360,6395.14
10/22/2018,6415.88,6427.63,6377.77,6407.65
10/21/2018,6414,6452.87,6405.57,6415.88
10/20/2018,6382.98,6420,6369.32,6414
10/19/2018,6394.96,6409.61,6355,6382.98
10/18/2018,6443.7,6489.83,6355,6394.96
10/17/2018,6457.11,6459.99,6411.19,6443.7
10/16/2018,6436.98,6436.98,6422.16,6422.16
10/15/2018,6183.49,6810,6151.58,6436.98
10/14/2018,6196,6288.36,6151,6183.49
10/13/2018,6188.01,6212,6178,6196
10/12/2018,6154.69,6235.2,6111.97,6188.01
10/11/2018,6524.56,6524.56,6033.34,6154.69
10/10/2018,6589.48,6591.32,6445.48,6524.56
10/9/2018,6608.07,6612.86,6552.5,6589.48
10/8/2018,6570,6681.19,6545.63,6608.07
10/7/2018,6552.43,6585.01,6491.81,6570
10/6/2018,6593.94,6594.39,6536,6552.43
10/5/2018,6547.45,6641,6512.81,6593.94
10/4/2018,6466.03,6603.01,6455,6547.45
10/3/2018,6498.46,6507.95,6398.96,6466.03
10/2/2018,6572.83,6591.37,6452,6498.46
10/1/2018,6605,6639.33,6479.03,6572.83
9/30/2018,6582,6640.37,6523,6605
9/29/2018,6620.01,6620.01,6452.02,6582
9/28/2018,6680.01,6786.73,6528.13,6620.01
9/27/2018,6455.66,6734.78,6430,6680.01
9/26/2018,6436.89,6537.26,6380.62,6455.66
9/25/2018,6582.09,6582.1,6320.5,6436.89
9/24/2018,6696.99,6716.16,6555.99,6582.09
9/23/2018,6707.33,6777,6660.05,6696.99
9/22/2018,6750,6823,6628.01,6707.33
9/21/2018,6493.11,6777.1,6492.5,6750
9/20/2018,6386.94,6530,6337,6493.11
9/19/2018,6335.7,6511,6106.37,6386.94
9/18/2018,6250.7,6384.04,6228,6335.7
9/17/2018,6498,6529.75,6207.55,6250.7
9/16/2018,6518.68,6521.75,6324.9,6498
9/15/2018,6478.04,6565,6470,6518.68
9/14/2018,6485.99,6580,6378.05,6478.04
9/13/2018,6326,6530,6323.65,6485.99
9/12/2018,6282.53,6340.94,6194.88,6326
9/11/2018,6299.99,6405,6176.76,6282.53
9/10/2018,6235.01,6375.13,6221.49,6299.99
9/9/2018,6188,6450,6147,6235.01
9/8/2018,6395.01,6460,6116,6188
9/7/2018,6495,6530,6325,6395.01
9/6/2018,6687.96,6703.73,6272.73,6495
9/5/2018,7360,7384,6664.07,6687.96
9/4/2018,7256.98,7402.5,7229.94,7360
9/3/2018,7295,7338,7192.99,7256.98
9/2/2018,7191.08,7328.36,7130.01,7295
9/1/2018,7015.01,7275,7010.98,7191.08
8/31/2018,6983,7090.46,6884.49,7015.01
8/30/2018,7030.9,7048.66,6790,6983
8/29/2018,7071.01,7119,6907.42,7030.9
8/28/2018,6911.9,7128,6864.96,7071.01
8/27/2018,6709.98,6947.6,6654.13,6911.9
8/26/2018,6737.52,6773,6574.27,6709.98
8/25/2018,6690.88,6790,6668,6737.52
8/24/2018,6526.36,6719,6451.55,6690.88
8/23/2018,6359.99,6568.37,6348.69,6526.36
8/22/2018,6475.9,6890.65,6250,6359.99
8/21/2018,6258.74,6490,6249.12,6475.9
8/20/2018,6489.53,6525,6227.71,6258.74
8/19/2018,6396.64,6547.34,6328.45,6489.53
8/18/2018,6585.49,6613.23,6312,6396.64
8/17/2018,6315.9,6585.5,6290.39,6585.49
8/16/2018,6269.01,6475.01,6200,6315.9
8/15/2018,6195.01,6636,6189,6269.01
8/14/2018,6253.67,6258.32,5900,6195.01
8/13/2018,6316.01,6544.99,6143,6253.67
8/12/2018,6112.21,6112.21,6112.21,6112.21
8/11/2018,6146.01,6190,6003,6112.21
8/10/2018,6546.46,6584.8,6015,6146.01
8/9/2018,6282.5,6633.21,6177.51,6546.46
8/8/2018,6718.22,6718.22,6121.04,6282.5
8/7/2018,6938,7152,6650,6718.22
8/6/2018,7030.01,7163,6840.06,6938
8/5/2018,7005,7086.52,6880,7030.01
8/4/2018,7414.08,7495,6940,7005
8/3/2018,7533.92,7538.53,7285,7414.08
8/2/2018,7603.99,7707.54,7462,7533.92
8/1/2018,7727.27,7750,7440.01,7603.99
7/31/2018,8170.01,8173.57,7634.22,7727.27
7/30/2018,8216.34,8274.92,7850,8170.01
7/29/2018,8228.9,8289.96,8127.87,8216.34
7/28/2018,8184.21,8230,8065,8228.9
7/27/2018,7931.99,8276.55,7787.29,8184.21
7/26/2018,8157.15,8290,7840,7931.99
7/25/2018,8401.01,8482.84,8042,8157.15
7/24/2018,7720.09,8488,7695.99,8401.01
7/23/2018,7397.8,7809,7378.26,7720.09
7/22/2018,7408,7569.69,7327.75,7397.8
7/21/2018,7334.46,7444.77,7204.32,7408
7/20/2018,7470.01,7687,7259.76,7334.46
7/19/2018,7378.99,7563.81,7281.42,7470.01
7/18/2018,7315.01,7584.85,7229.89,7378.99
7/17/2018,6728.81,7472.5,6663.51,7315.01
7/16/2018,6348.73,6750,6330.3,6728.81
7/15/2018,6248.65,6385.35,6233.26,6348.73
7/14/2018,6216.29,6323.68,6187,6248.65
7/13/2018,6249.75,6335.09,6121.53,6216.29
7/12/2018,6390.04,6390.04,6075.01,6249.75
7/11/2018,6303.7,6400,6281.01,6390.04
7/10/2018,6664.01,6679.47,6279,6303.7
7/9/2018,6701.97,6815.82,6625,6664.01
7/8/2018,6753.28,6778.31,6671,6701.97
7/7/2018,6600,6843.26,6512,6753.28
7/6/2018,6532.95,6639,6452.2,6600
7/5/2018,6587.47,6700,6449.5,6532.95
7/4/2018,6502.62,6794.99,6411.51,6587.47
7/3/2018,6611.79,6673.99,6465,6502.62
7/2/2018,6349.5,6669.99,6270.01,6611.79
7/1/2018,6383.19,6424.14,6256.76,6349.5
6/30/2018,6202.36,6520.15,6185,6383.19
6/29/2018,5851.66,6300,5790.01,6202.36
6/28/2018,6132.17,6161.47,5818,5851.66
6/27/2018,6074.94,6175.43,5984.11,6132.17
6/26/2018,6246.01,6271,6024.99,6074.94
6/25/2018,6149.99,6340.01,6070.13,6246.01
6/24/2018,6178.29,6255.8,5777,6149.99
6/23/2018,6059.82,6250,6040.01,6178.29
6/22/2018,6719.01,6725,5921.21,6059.82
6/21/2018,6756.1,6787,6682.3,6719.01
6/20/2018,6736.41,6817,6557.66,6756.1
6/19/2018,6709.02,6829.06,6670.01,6736.41
6/18/2018,6447.16,6795,6385,6709.02
6/17/2018,6484.29,6570.01,6428.14,6447.16
6/16/2018,6391.22,6549.99,6330,6484.29
6/15/2018,6638.49,6659.99,6370,6391.22
6/14/2018,6302.32,6749.99,6269,6638.49
6/13/2018,6544.99,6618.95,6135,6302.32
6/12/2018,6881,6885.84,6450,6544.99
6/11/2018,6770.31,6913.83,6666.66,6881
6/10/2018,7496.4,7496.41,6652,6770.31
6/9/2018,7618.8,7679.61,7468,7496.4
6/8/2018,7684.93,7690,7536.58,7618.8
6/7/2018,7655,7747,7635,7684.93
6/6/2018,7612.51,7691,7484,7655
6/5/2018,7487.37,7677.5,7355,7612.51
6/4/2018,7706.37,7747.57,7447.61,7487.37
6/3/2018,7636.42,7777,7583.24,7706.37
6/2/2018,7514.32,7697.09,7440,7636.42
6/1/2018,7485,7599.99,7351.01,7514.32
5/31/2018,7380.01,7608.99,7340,7485
5/30/2018,7460,7557.78,7272.71,7380.01
5/29/2018,7107.94,7524.99,7058,7460
5/28/2018,7346.64,7444.8,7087,7107.94
5/27/2018,7337.95,7392.7,7229.01,7346.64
5/26/2018,7459.11,7640.46,7287.23,7337.95
5/25/2018,7584.15,7661.85,7326.94,7459.11
5/24/2018,7505,7734.99,7269,7584.15
5/23/2018,7987.7,8030,7433.19,7505
5/22/2018,8393.44,8400,7950,7987.7
5/21/2018,8516.86,8584.39,8309.23,8393.44
5/20/2018,8235.6,8596.74,8172,8516.86
5/19/2018,8238.51,8390,8152.54,8235.6
5/18/2018,8059,8279.63,7927.21,8238.51
5/17/2018,8344,8482.01,8001,8059
5/16/2018,8477.46,8500,8104.99,8344
5/15/2018,8670,8847,8420.45,8477.46
5/14/2018,8686.1,8880.01,8289.79,8670
5/13/2018,8475,8774.32,8345,8686.1
5/12/2018,8403.33,8658.57,8223.43,8475
5/11/2018,9010.51,9010.51,8351,8403.33
5/10/2018,9300.08,9386.31,9001.01,9010.51
5/9/2018,9177.81,9370,8960,9300.08
5/8/2018,9353,9463.13,9050,9177.81
5/7/2018,9600,9619.55,9162.85,9353
5/6/2018,9800,9880,9390,9600
5/5/2018,9685,9948.12,9660.28,9800
5/4/2018,9725.74,9743.87,9465,9685
5/3/2018,9190.48,9800,9131,9725.74
5/2/2018,9072.29,9250.04,8990,9190.48
5/1/2018,9243.83,9245.37,8831.21,9072.29
4/30/2018,9389.01,9446.98,9119,9243.83
4/29/2018,9329.99,9512.5,9179.99,9389.01
4/28/2018,8922.55,9440.01,8863.42,9329.99
4/27/2018,9272.11,9369,8910,8922.55
4/26/2018,8865.98,9318,8660,9272.11
4/25/2018,9648,9763.49,8602.43,8865.98
4/24/2018,8931.3,9728.56,8930,9648
4/23/2018,8795.01,8991,8775.1,8931.3
4/22/2018,8915.42,9015,8754.01,8795.01
4/21/2018,8866.27,9038.87,8610.7,8915.42
4/20/2018,8274,8932.56,8216.21,8866.27
4/19/2018,8152.05,8300,8105,8274
4/18/2018,7892.1,8243.99,7879.8,8152.05
4/17/2018,8048.93,8162.5,7822,7892.1
4/16/2018,8355.25,8398.98,7905.99,8048.93
4/15/2018,8003.11,8392.56,8003.11,8355.25
4/14/2018,7893.19,8150,7830,8003.11
4/13/2018,7916,8220,7760,7893.19
4/12/2018,6942.99,8050,6767.77,7916
4/11/2018,6824.99,6974,6806.01,6942.99
4/10/2018,6771.13,6893.29,6661.19,6824.99
4/9/2018,7020.01,7169.53,6617,6771.13
4/8/2018,6894.01,7099.99,6891.83,7020.01
4/7/2018,6619.01,7059,6605.08,6894.01
4/6/2018,6785.85,6847,6518.88,6619.01
4/5/2018,6791.68,6923.1,6574,6785.85
4/4/2018,7424.9,7424.91,6708.46,6791.68
4/3/2018,7045.01,7520,7017,7424.9
4/2/2018,6816.01,7100,6777.28,7045.01
4/1/2018,6928.5,7044.46,6450,6816.01
3/31/2018,6848.01,7200,6780.19,6928.5
3/30/2018,7079.99,7275.35,6600,6848.01
3/29/2018,7942.72,7957,6905,7079.99
3/28/2018,7793.61,8088,7727.76,7942.72
3/27/2018,8145,8219.99,7757,7793.61
3/26/2018,8453,8498,7858.1,8145
3/25/2018,8531.34,8670,8359.99,8453
3/24/2018,8927.1,8999,8508,8531.34
3/23/2018,8715.09,8927.81,8280.04,8927.1
3/22/2018,8891.81,9073.93,8467.27,8715.09
3/21/2018,8900,9174,8745,8891.81
3/20/2018,8589.01,9046.26,8316.99,8900
3/19/2018,8192,8750.61,8110,8589.01
3/18/2018,7857.6,8302.73,7310,8192
3/17/2018,8275,8349.82,7751,7857.6
3/16/2018,8259.99,8600,7911,8275
3/15/2018,8207.02,8400,7666,8259.99
3/14/2018,9145.41,9340,7931,8207.02
3/13/2018,9120,9472.88,8855,9145.41
3/12/2018,9533.88,9890,8780.49,9120
3/11/2018,8795.44,9760,8516,9533.88
3/10/2018,9255,9514,8727.68,8795.44
3/9/2018,9304.89,9410,8370,9255
3/8/2018,9925,10098,9050,9304.89
3/7/2018,10700,10894,9400,9925
3/6/2018,11377.54,11395.63,10565.85,10700
3/5/2018,11469.9,11645.74,11340,11377.54
3/4/2018,11432.5,11487,11045.03,11469.9
3/3/2018,11000,11494.57,11000,11432.5
3/2/2018,10895.92,11149,10765,11000
3/1/2018,10307.27,11075,10213.99,10895.92
2/28/2018,10566.57,11044,10263,10307.27
2/27/2018,10300,10845.07,10133.33,10566.57
2/26/2018,9597.99,10447.74,9404,10300
2/25/2018,9688.62,9850,9324.75,9597.99
2/24/2018,10144.99,10494.14,9372.72,9688.62
2/23/2018,9830,10390.77,9576.43,10144.99
2/22/2018,10454.27,10900,9715.27,9830
2/21/2018,11235.57,11278.81,10250,10454.27
2/20/2018,11140,11775,11000,11235.57
2/19/2018,10380.04,11274.11,10297.39,11140
2/18/2018,11121.5,11299.1,10159,10380.04
2/17/2018,10167.49,11149,10057,11121.5
2/16/2018,10031.23,10307.68,9729.58,10167.49
2/15/2018,9472.98,10249.81,9342.46,10031.23
2/14/2018,8520.01,9482.5,8520,9472.98
2/13/2018,8872.28,8925,8393.1,8520.01
2/12/2018,8072.99,8950,8072.99,8872.28
2/11/2018,8547.49,8547.49,7857.78,8072.99
2/10/2018,8671.01,9090,8155.01,8547.49
2/9/2018,8218.1,8700,7750,8671.01
2/8/2018,7575.75,8625,7550,8218.1
2/7/2018,7688.46,8649.88,7212.82,7575.75
2/6/2018,6905.19,7948.89,5873,7688.46
2/5/2018,8167.9,8349.16,6426.94,6905.19
2/4/2018,9240,9350,7859,8167.9
2/3/2018,8787.52,9499,8115.48,9240
2/2/2018,9010.61,9090,7540,8787.52
2/1/2018,10099.99,10166.25,8400,9010.61
1/31/2018,9995,10299.95,9601.02,10099.99
1/30/2018,11123.01,11150,9714.84,9995
1/29/2018,11536,11570,10840,11123.01
1/28/2018,11319,11695,11234.99,11536
1/27/2018,11086.89,11494.08,10850,11319
1/26/2018,11118,11570,10305,11086.89
1/25/2018,11356.79,11690,10851,11118
1/24/2018,10824.94,11450,10457,11356.79
1/23/2018,10766.7,11370,9945,10824.94
1/22/2018,11518.16,11849,10025,10766.7
1/21/2018,12762.8,12762.8,11118,11518.16
1/20/2018,11498.99,12985.55,11498.99,12762.8
1/19/2018,11305.53,11973.99,11050,11498.99
1/18/2018,11200.01,12123.1,10687.21,11305.53
1/17/2018,11570.01,12358.89,9010,11200.01
1/16/2018,13590,13643.66,9928.62,11570.01
1/15/2018,13656.23,14253,13416,13590
1/14/2018,14187.95,14332.85,13110,13656.23
1/13/2018,13820,14500,13792.25,14187.95
1/12/2018,13308.06,14080.83,12900,13820
1/11/2018,14875.18,14970,12800.01,13308.06
1/10/2018,14480.99,14875.18,13550.01,14875.18
1/9/2018,14993.74,15384,14230,14480.99
1/8/2018,16174.22,16275,14000,14993.74
1/7/2018,17099,17115.01,15755.01,16174.22
1/6/2018,16960.01,17174,16251.01,17099
1/5/2018,15144.99,17178,14824.05,16960.01
1/4/2018,15098.14,15400,14230,15144.99
1/3/2018,14781.51,15400,14628,15098.14
1/2/2018,13480.01,15275,13005,14781.51
1/1/2018,13863.13,13889,12952.5,13480.01
12/31/2017,12839.99,14280.26,12633.8,13863.13
12/30/2017,14565.05,14639.79,12500,12839.99
12/29/2017,14450.01,15105.34,14041.81,14565.05
12/28/2017,15367.08,15489,13500,14450.01
12/27/2017,15790.88,16490,14524.37,15367.08
12/26/2017,14171.98,16148,14171.98,15790.88
12/25/2017,14221.94,14774,13500,14171.98
12/24/2017,15065.51,15109.27,13210,14221.94
12/23/2017,14210.57,16261,13750,15065.51
12/22/2017,15758.8,15974.95,10400,14210.57
12/21/2017,16496.9,17364.57,15151,15758.8
12/20/2017,17838.73,17890,14301,16496.9
12/19/2017,19039,19099,16800,17838.73
12/18/2017,19378.99,19385,18200,19039
12/17/2017,19650,19891.99,19010,19378.99
12/16/2017,17738.67,19797,17630,19650
12/15/2017,16749.79,17899,16745,17738.67
12/14/2017,16689.61,17199.6,16256,16749.79
12/13/2017,17730.12,17900,15700,16689.61
12/12/2017,16885.75,18149.99,16375,17730.12
12/11/2017,15290.01,17493,15200,16885.75
12/10/2017,15309.98,16300,13501,15290.01
12/9/2017,16367.03,16499,13550,15309.98
12/8/2017,17390.01,17777.69,13788.99,16367.03
12/7/2017,14090,19650.65,13500,17390.01
12/6/2017,11718.35,14419.4,11717.5,14090
12/5/2017,11643.98,11875,11532,11718.35
12/4/2017,11290,11650,10950,11643.98
12/3/2017,10930.23,11891,10601,11290
12/2/2017,10869.84,11100,10701,10930.23
12/1/2017,9903,10937,9517,10869.84
11/30/2017,9935.98,10850,9135.6,9903
11/29/2017,9949,11485,8650,9935.98
11/28/2017,9768.71,9989.95,9705.99,9949
11/27/2017,9401.11,9795,9401,9768.71
11/26/2017,8795.5,9596,8795.5,9401.11
11/25/2017,8215.01,8795.5,8203.98,8795.5
11/24/2017,8031.16,8324,7900,8215.01
11/23/2017,8250,8274.98,8031.16,8031.16
11/22/2017,8109,8298.98,8103.13,8250
11/21/2017,8256.01,8375,7802.99,8109
11/20/2017,8031.82,8293.25,7969,8256.01
11/19/2017,7777.01,8098.62,7700,8031.82
11/18/2017,7714.71,7847.98,7502,7777.01
11/17/2017,7838.53,7988.5,7536,7714.71
11/16/2017,7294,7985.37,7130,7838.53
11/15/2017,6605,7349,6605,7294
11/14/2017,6535.87,6748,6465.41,6605
11/13/2017,5886.35,6841.45,5850,6535.87
11/12/2017,6346.7,6486,5511.11,5886.35
11/11/2017,6577.63,6894.99,6201.01,6346.7
11/10/2017,7156,7350,6426,6577.63
11/9/2017,7467.96,7470.01,7079,7156
11/8/2017,7126.63,7898,7031.66,7467.96
11/7/2017,6969.76,7232.84,6968.49,7126.63
11/6/2017,7392,7432.49,6900.73,6969.76
11/5/2017,7412.55,7630,7311.98,7392
11/4/2017,7170.01,7498,7011.1,7412.55
11/3/2017,7039.99,7449.99,6955.89,7170.01
11/2/2017,6783.69,7445,6759,7039.99
11/1/2017,6445.01,6783.69,6365.54,6783.69
10/31/2017,6124.16,6472.13,6099,6445.01
10/30/2017,6140.01,6200,6028,6124.16
10/29/2017,5752.01,6296,5728,6140.01
10/28/2017,5780,5894,5715,5752.01
10/27/2017,5891.61,5998,5708.8,5780
10/26/2017,5739.97,5985,5701,5891.61
10/25/2017,5525.43,5765,5376.71,5739.97
10/24/2017,5905.99,5906,5462.19,5525.43
10/23/2017,6005.05,6057.02,5650.98,5905.99
10/22/2017,6024.86,6082.3,5755.95,6005.05
10/21/2017,5989.1,6189.1,5868.26,6024.86
10/20/2017,5704.01,6063.99,5630,5989.1
10/19/2017,5574.44,5750,5529.44,5704.01
10/18/2017,5594,5600,5102,5574.44
10/17/2017,5754.9,5769.99,5525,5594
10/16/2017,5693.7,5785.3,5575.55,5754.9
10/15/2017,5819.13,5849.83,5455.5,5693.7
10/14/2017,5624.8,5839.8,5567.86,5819.13
10/13/2017,5440,5867,5390,5624.8
10/12/2017,4814.99,5440.92,4809.59,5440
10/11/2017,4750,4869.97,4720.21,4814.99
10/10/2017,4769.55,4925.65,4701.53,4750
10/9/2017,4603.49,4875.39,4561,4769.55
10/8/2017,4425,4612,4420.01,4603.49
10/7/2017,4362.99,4449.42,4320,4425
10/6/2017,4320.04,4407,4299.99,4362.99
10/5/2017,4214.84,4364.59,4150.01,4320.04
10/4/2017,4307.99,4344,4179.99,4214.84
10/3/2017,4392.71,4419.95,4242,4307.99
10/2/2017,4394.81,4470,4354.99,4392.71
10/1/2017,4339,4396.99,4256.92,4394.81
9/30/2017,4156.99,4356.28,4143.52,4339
9/29/2017,4189.42,4212.99,4015.17,4156.99
9/28/2017,4200,4269.95,4122,4189.42
9/27/2017,3885.09,4228.39,3880.36,4200
9/26/2017,3919.78,3960,3854.29,3885.09
9/25/2017,3669.01,3969.37,3669.01,3919.78
9/24/2017,3787.33,3789.36,3630.01,3669.01
9/23/2017,3619.01,3818.89,3580,3787.33
9/22/2017,3617.47,3767.77,3509.79,3619.01
9/21/2017,3867.05,3903.57,3571,3617.47
9/20/2017,3910.11,4044,3850.01,3867.05
9/19/2017,4100,4125.22,3850.44,3910.11
9/18/2017,3719.97,4130,3717.56,4100
9/17/2017,3726.51,3841,3475.64,3719.97
9/16/2017,3740.02,4042.98,3600,3726.51
9/15/2017,3250.4,3894.48,2975.01,3740.02
9/14/2017,3855.32,3923,3230.05,3250.4
9/13/2017,4164.52,4174.53,3726,3855.32
9/12/2017,4210.72,4375.37,4080,4164.52
9/11/2017,4251.36,4365,4111.14,4210.72
9/10/2017,4334.36,4349.99,4139,4251.36
9/9/2017,4350,4449.95,4180,4334.36
9/8/2017,4624.18,4679.99,4140,4350
9/7/2017,4616.18,4665.44,4475.01,4624.18
9/6/2017,4432.51,4692,4431,4616.18
9/5/2017,4498.25,4514.95,4242.38,4432.51
9/4/2017,4626.05,4628.05,4234.16,4498.25
9/3/2017,4649.99,4749.99,4524,4626.05
9/2/2017,4947.99,4980,4500,4649.99
9/1/2017,4743.94,4948,4706,4947.99
8/31/2017,4581.98,4769.03,4580.85,4743.94
8/30/2017,4599,4635.21,4500.55,4581.98
8/29/2017,4384.99,4656.83,4350,4599
8/28/2017,4340.11,4396,4200,4384.99
8/27/2017,4344.32,4392,4309.87,4340.11
8/26/2017,4360,4374.39,4260.01,4344.32
8/25/2017,4312.03,4453.9,4284.01,4360
8/24/2017,4143.49,4349.99,4112.76,4312.03
8/23/2017,4092,4247.88,4058.26,4143.49
8/22/2017,4002,4145,3583.46,4092
8/21/2017,4050.99,4089.99,3950.88,4002
8/20/2017,4157.41,4190.21,4044.52,4050.99
8/19/2017,4101.72,4186.1,4000,4157.41
8/18/2017,4280.01,4350,3960.47,4101.72
8/17/2017,4370.01,4469,4180,4280.01
8/16/2017,4159.93,4385.5,3928.82,4370.01
8/15/2017,4320.6,4434.42,3807.14,4159.93
8/14/2017,4060.47,4328,3985.01,4320.6
8/13/2017,3874,4200,3850,4060.47
8/12/2017,3656.15,3974,3622.87,3874
8/11/2017,3444.98,3725,3416.86,3656.15
8/10/2017,3342.8,3448,3317,3444.98
8/9/2017,3422.43,3428.29,3232.62,3342.8
8/8/2017,3398.23,3489,3349.91,3422.43
8/7/2017,3222.22,3416,3190,3398.23
8/6/2017,3243.49,3278.42,3150,3222.22
8/5/2017,2857.34,3335,2857.34,3243.49
8/4/2017,2787.02,2877.79,2760,2857.34
8/3/2017,2699.9,2799,2699.89,2787.02
8/2/2017,2732.59,2758.06,2650,2699.9
8/1/2017,2856.88,2925,2676.01,2732.59
7/31/2017,2723.99,2900,2700,2856.88
7/30/2017,2700.21,2739.98,2500,2723.99
7/29/2017,2786.07,2790.99,2656,2700.21
7/28/2017,2664.99,2825.11,2655.55,2786.07
7/27/2017,2525.99,2686.2,2514.1,2664.99
7/26/2017,2564,2614,2403,2525.99
7/25/2017,2762.26,2782.44,2449.69,2564
7/24/2017,2754.28,2799.2,2726.8,2762.26
7/23/2017,2825.27,2848,2691,2754.28
7/22/2017,2657.45,2869.88,2646.95,2825.27
7/21/2017,2873.48,2880,2608.27,2657.45
7/20/2017,2258.99,2957,2258.99,2873.48
7/19/2017,2308.15,2396,2216,2258.99
7/18/2017,2235.19,2393.43,2134.37,2308.15
7/17/2017,1910.86,2238.07,1909.58,2235.19
7/16/2017,1964.31,2043.94,1758.2,1910.86
7/15/2017,2217.24,2224.82,1964.31,1964.31
7/14/2017,2340,2349.28,2150,2217.24
7/13/2017,2383.42,2416.79,2308.14,2340
7/12/2017,2310.01,2415,2250,2383.42
7/11/2017,2331.05,2410,2265,2310.01
7/10/2017,2508.99,2523,2250,2331.05
7/9/2017,2561.11,2579.84,2500,2508.99
7/8/2017,2501.15,2563.5,2471.22,2561.11
7/7/2017,2604.84,2607.61,2472,2501.15
7/6/2017,2616.96,2623.54,2580.69,2604.84
7/5/2017,2602,2630.24,2551.06,2616.96
7/4/2017,2542.41,2636.1,2542.18,2602
7/3/2017,2516.66,2584.78,2479.75,2542.41
7/2/2017,2423.63,2545,2385,2516.66
7/1/2017,2455.19,2515,2400,2423.63
6/30/2017,2530,2554.01,2446.2,2455.19
6/29/2017,2553.25,2591.98,2506.1,2530
6/28/2017,2575.75,2605,2457,2553.25
6/27/2017,2407.91,2575.75,2264,2575.75
6/26/2017,2505.61,2563.9,2258.34,2407.91
6/25/2017,2574.84,2625,2430.05,2505.61
6/24/2017,2690.76,2718.37,2503.05,2574.84
6/23/2017,2679.99,2743,2665,2690.76
6/22/2017,2643.35,2724.69,2598,2679.99
6/21/2017,2725.08,2781.59,2559.51,2643.35
6/20/2017,2596.98,2776.95,2585.42,2725.08
6/19/2017,2515.25,2597,2481.92,2596.98
6/18/2017,2634.94,2670,2455.01,2515.25
6/17/2017,2480.43,2679.24,2413.96,2634.94
6/16/2017,2409.98,2524.65,2287.84,2480.43
6/15/2017,2432.21,2525,2050,2409.98
6/14/2017,2709.01,2827,2330,2432.21
6/13/2017,2655.71,2798.99,2649.47,2709.01
6/12/2017,2998.98,2999.99,2463.89,2655.71
6/11/2017,2932.44,2998.99,2881,2998.98
6/10/2017,2811.39,2942.04,2801.25,2932.44
6/9/2017,2799.73,2861.58,2786.2,2811.39
6/8/2017,2685.64,2808.78,2611.41,2799.73
6/7/2017,2871.29,2885,2598.7,2685.64
6/6/2017,2698,2938.55,2674.69,2871.29
6/5/2017,2521.36,2698,2517.02,2698
6/4/2017,2548.05,2556.1,2469.98,2521.36
6/3/2017,2478.99,2599,2448,2548.05
6/2/2017,2419.99,2478.99,2379.44,2478.99
6/1/2017,2303.29,2488,2302,2419.99
5/31/2017,2191.58,2338.91,2173.8,2303.29
5/30/2017,2279.48,2336.88,2112.31,2191.58
5/29/2017,2232.78,2357.86,2141.12,2279.48
5/28/2017,2099.99,2342.99,2099.86,2232.78
5/27/2017,2272.7,2353.35,1913.19,2099.99
5/26/2017,2355,2683.18,2052.01,2272.7
5/25/2017,2432.97,2806,2226.86,2355
5/24/2017,2272.75,2474.69,2266.51,2432.97
5/23/2017,2123.29,2283,2100.86,2272.75
5/22/2017,2057,2298,1975,2123.29
5/21/2017,2058.91,2102.68,1988.6,2057
5/20/2017,1976.23,2059,1970.04,2058.91
5/19/2017,1899.16,1980,1890.73,1976.23
5/18/2017,1813.23,1900,1800,1899.16
5/17/2017,1777.48,1840,1745.05,1813.23
5/16/2017,1747.81,1777.76,1690.14,1777.48
5/15/2017,1799.99,1802.99,1702.42,1747.81
5/14/2017,1792.73,1829,1763.33,1799.99
5/13/2017,1695.61,1792.96,1610,1792.73
5/12/2017,1837.93,1838,1651.01,1695.61
5/11/2017,1794.99,1889,1770.95,1837.93
5/10/2017,1720.43,1799.99,1691.3,1794.99
5/9/2017,1713,1794.7,1630,1720.43
5/8/2017,1609.57,1713,1608,1713
5/7/2017,1585.39,1618.31,1563.87,1609.57
5/6/2017,1551.3,1598.89,1551.3,1585.39
5/5/2017,1563.39,1630,1535.11,1551.3
5/4/2017,1533,1665,1482.06,1563.39
5/3/2017,1471.99,1533,1453.68,1533
5/2/2017,1436.5,1492.93,1426.51,1471.99
5/1/2017,1384.55,1466.69,1370.98,1436.5
4/30/2017,1365.43,1394.51,1334.02,1384.55
4/29/2017,1353.34,1369.5,1335.64,1365.43
4/28/2017,1349.26,1381.01,1300.2,1353.34
4/27/2017,1298.44,1360,1295.39,1349.26
4/26/2017,1281.16,1320,1279.5,1298.44
4/25/2017,1257.29,1287,1256.16,1281.16
4/24/2017,1251.98,1261.16,1246.31,1257.29
4/23/2017,1247,1254,1236.2,1251.98
4/22/2017,1249.99,1253,1221.51,1247
4/21/2017,1236.15,1258.77,1236.15,1249.99
4/20/2017,1214.21,1240.6,1212.01,1236.15
4/19/2017,1201.94,1215.32,1191.09,1214.21
4/18/2017,1189.91,1206.65,1189.76,1201.94
4/17/2017,1177.99,1197.6,1170.85,1189.91
4/16/2017,1178.85,1189.93,1171.7,1177.99
4/15/2017,1173.74,1190.99,0.06,1178.85
4/14/2017,1177.05,1196.92,1170.14,1173.74
4/13/2017,1214.17,1219.49,1148.98,1177.05
4/12/2017,1223.99,1227.86,1209.61,1214.17
4/11/2017,1210,1234,1200,1223.99
4/10/2017,1210.97,1219.78,1201,1210
4/9/2017,1184.5,1221,1175.8,1210.97
4/8/2017,1194,1198,1170,1184.5
4/7/2017,1192.3,1203,1175.26,1194
4/6/2017,1132.99,1206.97,1132.98,1192.3
4/5/2017,1143.99,1144.99,1114.9,1132.99
4/4/2017,1152.6,1164.14,1124.98,1143.99
4/3/2017,1113.99,1168.72,1112.24,1152.6
4/2/2017,1092,1119,1080,1113.99
4/1/2017,1088.99,1110.95,1071.45,1092
3/31/2017,1042.08,1094.49,1038.11,1088.99
3/30/2017,1043.27,1052.94,1022,1042.08
3/29/2017,1045.4,1058.16,1005.77,1043.27
3/28/2017,1042.08,1069.39,1016.25,1045.4
3/27/2017,973.08,1045.9,961.1,1042.08
3/26/2017,963.72,1005,943.9,973.08
3/25/2017,934.87,973.99,890.05,963.72
3/24/2017,1025.14,1030.3,920.1,934.87
3/23/2017,1034.57,1057.41,1013,1025.14
3/22/2017,1114.42,1114.96,985.17,1034.57
3/21/2017,1044.96,1120,1042.68,1114.42
3/20/2017,1019.49,1051.97,1011,1044.96
3/19/2017,970,1062.92,961.59,1019.49
3/18/2017,1069.57,1096,919.44,970
3/17/2017,1175.11,1175.11,1065.74,1069.57
3/16/2017,1263,1277.27,1117.77,1175.11
3/15/2017,1247.42,1264.55,1240,1263
3/14/2017,1245.5,1262,1213.55,1247.42
3/13/2017,1235.58,1249,1206,1245.5
3/12/2017,1188.11,1244,1150,1235.58
3/11/2017,1109.01,1219,1107,1188.11
3/10/2017,1197.3,1360,956.85,1109.01
3/9/2017,1150.22,1214.95,1131.11,1197.3
3/8/2017,1237.36,1246,1128,1150.22
3/7/2017,1284.99,1288,1050,1237.36
3/6/2017,1278.98,1288,1268.78,1284.99
3/5/2017,1273.97,1278.99,1247.11,1278.98
3/4/2017,1292.86,1294.48,1226.41,1273.97
3/3/2017,1269.17,1294.99,1255.61,1292.86
3/2/2017,1230,1298.61,1220,1269.17
3/1/2017,1195.08,1230,1085.71,1230
2/28/2017,1195.81,1214.94,1179.64,1195.08
2/27/2017,1184.91,1198.99,1176,1195.81
2/26/2017,1158,1187.33,1130.88,1184.91
2/25/2017,1186.91,1189.49,1110,1158
2/24/2017,1186.9,1221.93,1103.32,1186.91
2/23/2017,1128.71,1197,1128.22,1186.9
2/22/2017,1128.29,1140,1104.9,1128.71
2/21/2017,1089.86,1132.95,1081.95,1128.29
2/20/2017,1059.88,1095,1051.36,1089.86
2/19/2017,1062.15,1067.78,1051.26,1059.88
2/18/2017,1057.3,1073.8,1055.6,1062.15
2/17/2017,1038.94,1064.6,1036.29,1057.3
2/16/2017,1014.53,1041.88,1013.02,1038.94
2/15/2017,1012.23,1016,1007.66,1014.53
2/14/2017,1002.56,1018.97,992.27,1012.23
2/13/2017,1010,1021.5,985.68,1002.56
2/12/2017,1018.43,1019.1,1008,1010
2/11/2017,1003.97,1023.89,995.49,1018.43
2/10/2017,985,1008,961,1003.97
2/9/2017,1059.14,1079,925,985
2/8/2017,1053.97,1069.95,1016.49,1059.14
2/7/2017,1024.39,1058.26,1020.82,1053.97
2/6/2017,1019.31,1027.7,1014.64,1024.39
2/5/2017,1035.84,1036.3,1003.02,1019.31
2/4/2017,1016.77,1044.12,1001.8,1035.84
2/3/2017,1007.66,1024.5,994.34,1016.77
2/2/2017,989.71,1010,978.74,1007.66
2/1/2017,970.92,991.38,963.84,989.71
1/31/2017,923.45,971.24,922.83,970.92
1/30/2017,917.31,923.95,914.69,923.45
1/29/2017,924.7,927.47,915,917.31
1/28/2017,923.4,925.5,921.5,924.7
1/27/2017,917.93,924.47,911,923.4
1/26/2017,896.81,921.95,896,917.93
1/25/2017,894.86,903.98,880,896.81
1/24/2017,924.24,924.24,888.2,894.86
1/23/2017,924.98,931.33,915.31,924.24
1/22/2017,925.36,946.25,902,924.98
1/21/2017,894.05,930,891.28,925.36
1/20/2017,901,904.59,890,894.05
1/19/2017,880,907,879.2,901
1/18/2017,907.58,916.7,850,880
1/17/2017,831.89,909,830.02,907.58
1/16/2017,830,840,826.03,831.89
1/15/2017,829.62,832.95,819,830
1/14/2017,830.79,847.52,822.34,829.62
1/13/2017,822.64,835.01,782.85,830.79
1/12/2017,801.5,840,734.64,822.64
1/11/2017,907.53,923.98,765,801.5
1/10/2017,905.41,915.1,899.01,907.53
1/9/2017,916.6,923.58,886.42,905.41
1/8/2017,903.7,953.8,899.16,916.6
1/7/2017,894.93,910,815.36,903.7
1/6/2017,995.05,1033.85,875.01,894.93
1/5/2017,1133,1175,880,995.05
1/4/2017,1035.19,1147,1018,1133
1/3/2017,1019.01,1036.69,1006.71,1035.19
1/2/2017,996.82,1034.39,986.86,1019.01
1/1/2017,970.47,1000,964.37,996.82
12/31/2016,962.63,971.53,949,970.47
12/30/2016,976.75,978.77,930.3,962.63
12/29/2016,981.92,988.88,950.5,976.75
12/28/2016,921.59,981.92,921.58,981.92
12/27/2016,901.98,943.36,895,921.59
12/26/2016,896.73,908.24,890,901.98
12/25/2016,887,897.09,851.11,896.73
12/24/2016,915.5,918.5,880.1,887
12/23/2016,858.01,918,853.6,915.5
12/22/2016,828.58,875.75,826.23,858.01
12/21/2016,797.99,832,797.98,828.58
12/20/2016,789.91,798,788.58,797.99
12/19/2016,790,794.99,789,789.91
12/18/2016,790.07,791.96,787.19,790
12/17/2016,785,791.97,779.5,790.07
12/16/2016,775,785,774.8,785
12/15/2016,777.72,780,775,775
12/14/2016,779.79,781.8,773.2,777.72
12/13/2016,778.71,790.3,772.76,779.79
12/12/2016,770.9,782,770.76,778.71
12/11/2016,775.98,776.18,765,770.9
12/10/2016,771.77,776.99,770,775.98
12/9/2016,768.35,772.87,765.83,771.77
12/8/2016,766.07,772.82,761.71,768.35
12/7/2016,764.3,768.9,762.21,766.07
12/6/2016,753.36,757.15,752,755.73
12/5/2016,766.96,767.99,748.6,753.36
12/4/2016,766.52,769.76,762.83,766.96
12/3/2016,771.54,772.53,759,766.52
12/2/2016,753.57,780,753.26,771.54
12/1/2016,742.6,754.9,741.59,753.57
11/30/2016,731.8,745,729.17,742.6
11/29/2016,730.27,734.36,728.2,731.8
11/28/2016,729.01,736.44,728.74,730.27
11/27/2016,735.83,737.95,728.01,729.01
11/26/2016,739,739.99,726,735.83
11/25/2016,737.99,739,729,739
11/24/2016,741.76,743.99,727,737.99
11/23/2016,747,747.12,734,741.76
11/22/2016,735.81,748.77,726.38,747
11/21/2016,731,738.47,730,735.81
11/20/2016,750.38,753.81,715,731
11/19/2016,747.8,752.3,738,750.38
11/18/2016,736.57,751,728.89,747.8
11/17/2016,737.55,750.01,729.01,736.57
11/16/2016,712.41,743.8,710,737.55
11/15/2016,705.52,716.3,671.23,712.41
11/14/2016,703.98,708.57,695.07,705.52
11/13/2016,704.67,705.94,685.7,703.98
11/12/2016,714.77,716.99,702.42,704.67
11/11/2016,712.28,718.99,711.56,714.77
11/10/2016,721,723.61,705.84,712.28
11/9/2016,712.57,747.26,710.05,721
11/8/2016,706.82,716.45,704.16,712.57
11/7/2016,716.83,718.2,701.35,706.82
11/6/2016,706.9,719.83,705.86,716.83
11/5/2016,705.7,707.99,697.72,706.9
11/4/2016,688.93,708.33,683.8,705.7
11/3/2016,735.5,746.16,672.06,688.93
11/2/2016,731.16,735.5,720,735.5
11/1/2016,699.68,737.5,695.74,731.16
10/31/2016,697.65,709.68,681.01,699.68
10/30/2016,717.9,718,692.04,697.65
10/29/2016,689.65,725.64,688.89,717.9
10/28/2016,685.57,692.41,683.2,689.65
10/27/2016,674,692.01,673.28,685.57
10/26/2016,649.07,678,649.07,674
10/25/2016,649.75,657.5,648.99,649.07
10/24/2016,650.54,652.93,645.81,649.75
10/23/2016,655,655.8,645.33,650.54
10/22/2016,629.76,658,629.32,655
10/21/2016,627.83,633.41,627.5,629.76
10/20/2016,629.68,629.99,626.01,627.83
10/19/2016,634.97,636.99,625.6,629.68
10/18/2016,638.96,640,632.15,634.97
10/17/2016,642.53,643.47,636.27,638.96
10/16/2016,637.51,643.91,637.51,642.53
10/15/2016,638,639.99,636,637.51
10/14/2016,635.86,639.99,624.08,638
10/13/2016,636.92,639.85,632,635.86
10/12/2016,643.83,647.03,631.91,636.92
10/11/2016,618.31,643.83,618.08,643.83
10/10/2016,617.58,619.2,615.46,618.31
10/9/2016,619.59,619.59,617,617.58
10/8/2016,617.32,620,617.1,619.59
10/7/2016,611.83,618.7,609.89,617.32
10/6/2016,613.35,613.44,610.3,611.83
10/5/2016,609.25,614.24,609.22,613.35
10/4/2016,612.95,613.23,606.93,609.25
10/3/2016,612.41,615.24,610.7,612.95
10/2/2016,616,616,608.66,612.41
10/1/2016,607.65,617.19,607.6,616
9/30/2016,605.07,607.65,604.92,607.65
9/29/2016,604.98,606.89,603.56,605.07
9/28/2016,605.3,606,603.18,604.98
9/27/2016,606.82,607.54,601.38,605.3
9/26/2016,601.35,607.99,600.02,606.82
9/25/2016,603.69,605.99,599.42,601.35
9/24/2016,602.68,605.94,601.08,603.69
9/23/2016,595.25,603.3,595.14,602.68
9/22/2016,596.95,598.54,594.78,595.25
9/21/2016,608.98,609.92,592.63,596.95
9/20/2016,608.94,609.88,607.15,608.98
9/19/2016,610.99,612.46,607.4,608.94
9/18/2016,607.83,611.93,607.22,610.99
9/17/2016,607.75,608.99,604,607.83
9/16/2016,607.01,608.1,603.15,607.75
9/15/2016,608.95,609.49,603.85,607.01
9/14/2016,608.24,611.99,607.59,608.95
9/13/2016,607.48,609.99,605.16,608.24
9/12/2016,607.25,609.45,603,607.48
9/11/2016,625.1,630.11,591.8,607.25
9/10/2016,622.6,626.54,620.59,625.1
9/9/2016,628.77,628.77,618.25,622.6
9/8/2016,614.59,631.3,613.43,628.77
9/7/2016,612.37,618.53,609.21,614.59
9/6/2016,606.19,612.8,605.47,612.37
9/5/2016,611.82,611.99,601.63,606.19
9/4/2016,600.58,617.13,597.52,611.82
9/3/2016,575.38,600.99,574.67,600.58
9/2/2016,571.96,577.97,570,575.38
9/1/2016,571.59,573.32,568.12,571.96
8/31/2016,574.79,575.15,569.21,571.59
8/30/2016,573,576.83,572.53,574.79
8/29/2016,574.83,577.73,571.24,573
8/28/2016,570.42,574.99,569.65,574.83
8/27/2016,578.89,579.45,568.95,570.42
8/26/2016,576.16,579.86,574.85,578.89
8/25/2016,578.92,579.03,573.12,576.16
8/24/2016,582.58,582.68,575.29,578.92
8/23/2016,585.12,586.77,577.47,582.58
8/22/2016,580.65,586.99,579.22,585.12
8/21/2016,583.21,583.99,579.34,580.65
8/20/2016,574.49,583.21,572.38,583.21
8/19/2016,573.99,576.99,572.68,574.49
8/18/2016,573.83,576.99,573,573.99
8/17/2016,581.97,581.99,569.67,573.83
8/16/2016,568.09,581.99,566.09,581.97
8/15/2016,572.43,575,561.56,568.09
8/14/2016,586,586.55,565.19,572.43
8/13/2016,587.82,589.5,586,586
8/12/2016,589.22,590.09,583.62,587.82
8/11/2016,593.24,599.99,585.6,589.22
8/10/2016,588.13,601.09,583.29,593.24
8/9/2016,591.91,594.04,585.96,588.13
8/8/2016,593.9,595.99,590,591.91
8/7/2016,590.98,598.65,587.2,593.9
8/6/2016,582.98,590.99,574.5,590.98
8/5/2016,585,592.87,570.39,582.98
8/4/2016,576,599.95,562.11,585
8/3/2016,515.38,576,515,576
8/2/2016,603.97,613.38,483,515.38
8/1/2016,623.14,629.34,600,603.97
7/31/2016,656.32,657,622.08,623.14
7/30/2016,657.27,658.98,652.95,656.32
7/29/2016,656.67,659,651,657.27
7/28/2016,657.04,659.97,654.1,656.67
7/27/2016,657.73,658.99,646.56,657.04
7/26/2016,657.39,658.99,645,657.73
7/25/2016,660.27,664.13,653.77,657.39
7/24/2016,658.19,666.37,655.01,660.27
7/23/2016,653.69,662.35,652.81,658.19
7/22/2016,667.73,669.94,647.59,653.69
7/21/2016,667.94,668.4,661.39,667.73
7/20/2016,673.89,674.99,664.6,667.94
7/19/2016,675.4,676.87,666.17,673.89
7/18/2016,679.08,684.94,670,675.4
7/17/2016,666.45,680.99,665.95,679.08
7/16/2016,668.28,669.99,662.01,666.45
7/15/2016,661.41,669.98,660.54,668.28
7/14/2016,662.57,663.99,640,661.41
7/13/2016,674.02,674.19,657.5,662.57
7/12/2016,651.7,675.5,648.6,674.02
7/11/2016,652.54,664.27,648.11,651.7
7/10/2016,658.78,659.25,641,652.54
7/9/2016,666.5,667.33,608,658.78
7/8/2016,640.3,666.54,638.04,666.5
7/7/2016,678,683.44,611.94,640.3
7/6/2016,668.45,680.79,665,678
7/5/2016,679,682.37,662.51,668.45
7/4/2016,669,683.69,653.16,679
7/3/2016,701.23,705.25,651,669
7/2/2016,680.61,701.85,676.92,701.23
7/1/2016,672.45,688.99,667,680.61
6/30/2016,639.22,675,635.14,672.45
6/29/2016,647.63,648.73,630.02,639.22
6/28/2016,650.31,663.53,638,647.63
6/27/2016,639.13,659.98,630,650.31
6/26/2016,677.72,677.72,625.01,639.13
6/25/2016,668.6,699,650,677.72
6/24/2016,630.87,700,628.16,668.6
6/23/2016,594.68,637.89,544.13,630.87
6/22/2016,669.99,679.99,590.12,594.68
6/21/2016,730.42,730.42,628.6,669.99
6/20/2016,767.98,768.99,702,730.42
6/19/2016,760.08,771.92,744.77,767.98
6/18/2016,753,785.15,734.8,760.08
6/17/2016,770.21,778.49,709.01,753
6/16/2016,694.83,777.68,693.1,770.21
6/15/2016,684.9,696.03,673,694.83
6/14/2016,706,706.45,650.02,684.9
6/13/2016,674.26,720,663.55,706
6/12/2016,595.82,687.71,595.82,674.26
6/11/2016,579.5,596.12,579.48,595.82
6/10/2016,578.56,581,573.5,579.5
6/9/2016,583.23,583.5,574,578.56
6/8/2016,579.33,583.99,572.96,583.23
6/7/2016,585.99,590.95,483.78,579.33
6/6/2016,574.86,588.15,574,585.99
6/5/2016,575.56,585,570.22,574.86
6/4/2016,570,594.64,564.29,575.56
6/3/2016,538.53,578,535.96,570
6/2/2016,536.99,541.2,531.86,538.53
6/1/2016,531.47,541.5,524.39,536.99
5/31/2016,533,544.9,520.01,531.47
5/30/2016,524.7,541,519,533
5/29/2016,528.04,549.99,492.35,524.7
5/28/2016,470.94,539.49,470.04,528.04
5/27/2016,454.68,476.75,454.35,470.94
5/26/2016,451.78,454.99,449,454.68
5/25/2016,446.5,452.42,445.99,451.78
5/24/2016,444.88,448.5,440.5,446.5
5/23/2016,442.54,445.59,440.79,444.88
5/22/2016,446.14,446.45,440.89,442.54
5/21/2016,444.27,446.99,441.88,446.14
5/20/2016,442.41,445.5,435,444.27
5/19/2016,455.19,456.41,440.1,442.41
5/18/2016,453.62,457.88,452.86,455.19
5/17/2016,456.78,457.49,452.2,453.62
5/16/2016,462.26,462.26,451.48,456.78
5/15/2016,458.99,463.62,458.49,462.26
5/14/2016,457.49,459.83,456,458.99
5/13/2016,455.83,458.03,453.84,457.49
5/12/2016,454.46,456.57,449.27,455.83
5/11/2016,456.92,458.65,452.5,454.46
5/10/2016,464.24,465,448.2,452.92
5/9/2016,461.91,465.9,459.41,464.24
5/8/2016,462.2,465,457.5,461.91
5/7/2016,462.87,464,459.55,462.2
5/6/2016,450.39,463.73,448.84,462.87
5/5/2016,449.06,451.56,447,450.39
5/4/2016,452.68,453.23,446.76,449.06
5/3/2016,445.61,453.29,443.61,452.68
5/2/2016,456.51,457.63,440.02,445.61
5/1/2016,453.48,457.07,451.55,456.51
4/30/2016,457.74,459.44,450.13,453.48
4/29/2016,451.3,458.83,448.5,457.74
4/28/2016,446.85,451.51,434.79,451.3
4/27/2016,470.37,470.79,440.94,446.85
4/26/2016,467.41,472.11,464.01,470.37
4/25/2016,463.85,472.38,454.65,467.41
4/24/2016,453.94,465,453.58,463.85
4/23/2016,448.29,455.69,447.03,453.94
4/22/2016,452.65,453,445.07,448.29
4/21/2016,442.85,453.8,441.99,452.65
4/20/2016,436.87,444.07,436.04,442.85
4/19/2016,429.57,438.2,429.22,436.87
4/18/2016,434.72,434.72,429.1,429.57
4/17/2016,434.72,434.72,434.72,434.72
4/16/2016,430.92,434.89,430.53,434.72
4/15/2016,426.1,431.1,425.72,430.92
4/14/2016,425.53,428,424.52,426.1
4/13/2016,428.27,429.4,423.59,425.53
4/12/2016,423.28,429.77,423.1,428.27
4/11/2016,423.48,424,420.15,423.28
4/10/2016,419.49,423.99,419.44,423.48
4/9/2016,418.97,419.79,415.51,419.49
4/8/2016,421.58,424.65,415.71,418.97
4/7/2016,421.57,422.74,419.41,421.58
4/6/2016,422.18,423,420.61,421.57
4/5/2016,419.31,423.43,418.01,422.18
4/4/2016,420.07,421,417.58,419.31
4/3/2016,419.9,420.8,418.33,420.07
4/2/2016,417.33,420.5,416.91,419.9
4/1/2016,416.44,417.5,414.12,417.33
3/31/2016,412.5,417.6,412.07,416.44
3/30/2016,416.5,416.5,407.56,412.5
3/29/2016,422.42,424.62,407.75,416.5
3/28/2016,425.03,425.36,419.63,422.42
3/27/2016,416.7,426.5,416.35,425.03
3/26/2016,416.57,417.77,414.37,416.7
3/25/2016,413.76,416.7,410,416.57
3/24/2016,417.3,417.72,412.79,413.76
3/23/2016,416.42,418.99,413.95,417.3
3/22/2016,411.38,417.79,410.68,416.42
3/21/2016,413.58,413.97,406.89,411.38
3/20/2016,410.55,415.34,409.36,413.58
3/19/2016,409.96,411,404.72,410.55
3/18/2016,418.5,418.75,399.21,409.96
3/17/2016,415.93,419.75,415.7,418.5
3/16/2016,414.65,416.39,413,415.93
3/15/2016,414.01,416.94,412.48,414.65
3/14/2016,413.15,415.84,411.61,414.01
3/13/2016,410.33,416.38,410.01,413.15
3/12/2016,418.81,421.3,406.52,410.33
3/11/2016,416.24,421,414.97,418.81
3/10/2016,412.83,416.52,410.71,416.24
3/9/2016,411.23,414,408.75,412.83
3/8/2016,415.43,416.33,407.4,411.23
3/7/2016,403.48,418.74,395,415.43
3/6/2016,396.79,409.27,385.01,403.48
3/5/2016,408.93,409.12,381.09,396.79
3/4/2016,418.82,422.21,405.5,408.93
3/3/2016,423.69,424.12,408.63,418.82
3/2/2016,432.4,435.36,423.35,423.69
3/1/2016,436.45,437.78,427.5,432.4
2/29/2016,433.69,442,431.13,436.45
2/28/2016,432.51,436.07,423,433.69
2/27/2016,427.5,434.97,427.5,432.51
2/26/2016,423.75,427.5,419.53,427.5
2/25/2016,422.79,426.4,418.6,423.75
2/24/2016,420.03,425.6,410,422.79
2/23/2016,436.9,440.9,414.16,420.03
2/22/2016,438.15,439,431.12,436.9
2/21/2016,441.89,448.7,426.01,438.15
2/20/2016,419.06,444.03,418.87,441.89
2/19/2016,421.32,422,416,419.06
2/18/2016,416.26,423.2,414.24,421.32
2/17/2016,406.89,420.13,405.69,416.26
2/16/2016,399.11,407.5,390,406.89
2/15/2016,404.53,409.09,394.03,399.11
2/14/2016,388.37,404.54,388.2,404.53
2/13/2016,381.97,396,381.26,388.37
2/12/2016,376.89,382,376.51,381.97
2/11/2016,378.56,379.5,361.1,376.89
2/10/2016,372.9,383.34,371.87,378.56
2/9/2016,370.68,374.93,370.13,372.9
2/8/2016,377.77,379.35,370.5,370.68
2/7/2016,374.92,379.81,373.24,377.77
2/6/2016,384.46,384.54,370.05,374.92
2/5/2016,390.08,390.49,382.99,384.46
2/4/2016,367,390.63,366.96,390.08
2/3/2016,372.85,373.01,365.63,367
2/2/2016,370.62,374.41,370.58,372.85
2/1/2016,369.82,379,365,370.62
1/31/2016,379.23,382.5,367.33,369.82
1/30/2016,379.39,382.04,375,379.23
1/29/2016,379.96,385.05,363.25,379.39
1/28/2016,394.93,395,377.12,379.96
1/27/2016,389.21,397.18,388.77,394.93
1/26/2016,392.91,397,387.78,389.21
1/25/2016,403.45,403.94,386.41,392.91
1/24/2016,389.52,406.93,385,403.45
1/23/2016,383.01,398.72,380.26,389.52
1/22/2016,408.97,413.99,373.86,383.01
1/21/2016,413.88,424.78,403.21,408.97
1/20/2016,375.96,425.1,369,413.88
1/19/2016,383.14,385.5,370,375.96
1/18/2016,381.01,386.1,370.1,383.14
1/17/2016,386.57,391,378.42,381.01
1/16/2016,373.43,387.81,350.92,386.57
1/15/2016,429.69,430.67,359.8,373.43
1/14/2016,432.68,435.27,428,429.69
1/13/2016,446.57,446.57,425,432.68
1/12/2016,449.33,449.49,445.22,446.57
1/11/2016,449.14,452.65,445.88,449.33
1/10/2016,451.07,451.45,442.96,449.14
1/9/2016,454.06,456,447.66,451.07
1/8/2016,458.49,464.4,447.53,454.06
1/7/2016,432.44,458.68,430.21,458.49
1/6/2016,432.67,433.46,428.15,432.44
1/5/2016,433.42,435.51,430,432.67
1/4/2016,432.51,435.79,431.37,433.42
1/3/2016,435.74,435.88,425.02,432.51
1/2/2016,435.43,437.56,432.41,435.74
1/1/2016,430.12,437.15,427.92,435.43
12/31/2015,428.2,434,419.04,430.12
12/30/2015,432.59,434.99,422.35,428.2
12/29/2015,421.28,433,419.31,432.59
12/28/2015,425.01,429.9,418,421.28
12/27/2015,419.76,429.85,410.02,425.01
12/26/2015,456.09,458.29,410,419.76
12/25/2015,456,458.99,450.01,456.09
12/24/2015,443.77,460,442,456
12/23/2015,434.88,445.11,428.29,443.77
12/22/2015,436.61,442,432.58,434.88
12/21/2015,442.26,444.44,424.66,436.61
12/20/2015,460.9,461.4,430,442.26
12/19/2015,462.5,465.6,451.58,460.9
12/18/2015,455.5,465.1,453.28,462.5
12/17/2015,453.63,456.33,446.01,455.5
12/16/2015,463.64,464.73,440,453.63
12/15/2015,441.98,464.95,441.77,463.64
12/14/2015,436.29,450,429.12,441.98
12/13/2015,436.01,443.83,419.42,436.29
12/12/2015,451.34,469.34,403,436.01
12/11/2015,416.18,452.73,415.67,451.34
12/10/2015,417.44,419.5,408,416.18
12/9/2015,409.2,425,401,417.44
12/8/2015,395.28,409.2,386.69,409.2
12/7/2015,393.26,397.57,383,395.28
12/6/2015,387,401.01,375.22,393.26
12/5/2015,363.25,390,363.25,387
12/4/2015,361.33,364.85,355.43,363.25
12/3/2015,360.23,369.99,356.52,361.33
12/2/2015,362.56,363.06,349.59,360.23
12/1/2015,378.23,378.94,354.6,362.56
11/30/2015,371.04,382.87,367,378.23
11/29/2015,355.94,373.63,354.26,371.04
11/28/2015,359.99,360,351.09,355.94
11/27/2015,356.88,364.46,347.96,359.99
11/26/2015,328.07,368.18,328.03,356.88
11/25/2015,319.49,330.06,316.26,328.07
11/24/2015,323.01,323.17,318,319.49
11/23/2015,323.59,326,322,323.01
11/22/2015,325.22,327,321,323.59
11/21/2015,321.85,328,316.33,325.22
11/20/2015,325.5,327.12,311.23,321.85
11/19/2015,336.59,336.59,324.9,325.5
11/18/2015,336,338,330,336.59
11/17/2015,332.1,340.72,330.1,336
11/16/2015,321.13,334.1,316.12,332.1
11/15/2015,333.49,336.46,320,321.13
11/14/2015,335,339.57,329.4,333.49
11/13/2015,336.19,343,325,335
11/12/2015,307.54,344.99,307.25,336.19
11/11/2015,338.46,341.75,293.32,307.54
11/10/2015,381,382.23,322,338.46
11/9/2015,373.91,386.96,360.8,381
11/8/2015,386.7,389,363.58,373.91
11/7/2015,371.37,392,368.24,386.7
11/6/2015,384.2,395,351,371.37
11/5/2015,398.09,450,366.66,384.2
11/4/2015,399.49,499.99,368.15,398.09
11/3/2015,363.97,422.3,362.07,399.49
11/2/2015,331.71,371.82,326.07,363.97
11/1/2015,314.6,332,311.44,331.71
10/31/2015,329.97,334.28,306.29,314.6
10/30/2015,315.68,336.97,315.46,329.97
10/29/2015,303.75,320.99,301.8,315.68
10/28/2015,295.88,308.93,295.51,303.75
10/27/2015,286.75,297.99,286.67,295.88
10/26/2015,288.97,288.99,282.04,286.75
10/25/2015,284,295.93,283.28,288.97
10/24/2015,278.07,284,278.07,284
10/23/2015,275.92,281.17,275.4,278.07
10/22/2015,269.16,280,268.52,275.92
10/21/2015,271.14,272.85,265,269.16
10/20/2015,264.81,272.95,264.38,271.14
10/19/2015,264.53,268.23,262.05,264.81
10/18/2015,271.35,273.5,262.94,264.53
10/17/2015,263,274.81,262.56,271.35
10/16/2015,254.64,267.6,254.64,263
10/15/2015,253.22,256.77,253.13,254.64
10/14/2015,250.37,255,250.25,253.22
10/13/2015,246.29,251.5,244.86,250.37
10/12/2015,248.9,249.14,245.89,246.29
10/11/2015,246.06,250,245.63,248.9
10/10/2015,244.46,246.1,243.8,246.06
10/9/2015,243.38,244.88,241.1,244.46
10/8/2015,243.64,245.38,242.2,243.38
10/7/2015,246.83,247.96,240.2,243.64
10/6/2015,240.7,248,240.31,246.83
10/5/2015,239.76,240.77,237.5,240.7
10/4/2015,239.93,240.28,239.07,239.76
10/3/2015,237.99,240.62,237.68,239.93
10/2/2015,238.54,239.4,236.97,237.99
10/1/2015,237.13,239.86,236.68,238.54
9/30/2015,237.78,238.75,236.26,237.13
9/29/2015,240.42,241.05,237,237.78
9/28/2015,233.54,240.42,233.45,240.42
9/27/2015,234.99,235.13,233.2,233.54
9/26/2015,235.76,236.2,233.5,234.99
9/25/2015,235.6,237.62,234.02,235.76
9/24/2015,230.1,235.99,230.01,235.6
9/23/2015,230.61,233,229.27,230.1
9/22/2015,227,232.5,224.45,230.61
9/21/2015,232.48,233.64,226.87,227
9/20/2015,232.26,234,231.85,232.48
9/19/2015,233.19,234.31,232,232.26
9/18/2015,233.17,234.96,231.75,233.19
9/17/2015,229.2,235.93,229.01,233.17
9/16/2015,230.36,232,226.85,229.2
9/15/2015,231.01,232.43,230.26,230.36
9/14/2015,230.61,233.99,228.01,231.01
9/13/2015,236.92,236.92,229.72,230.61
9/12/2015,241.04,241.13,235.26,236.92
9/11/2015,238.33,241.54,238.33,241.04
9/10/2015,238.72,241.4,236.69,238.33
9/9/2015,244.15,244.69,238.6,238.72
9/8/2015,240.31,247.82,240.01,244.15
9/7/2015,240.93,242.98,239.21,240.31
9/6/2015,240.13,244.82,239.72,240.93
9/5/2015,231.61,231.61,230.12,230.92
9/4/2015,226.83,232.49,226.83,231.61
9/3/2015,229.39,231.36,226.48,226.83
9/2/2015,227.6,231.43,226.43,229.39
9/1/2015,231.12,233.5,226.42,227.6
8/31/2015,229.24,233,225.23,231.12
8/30/2015,229.55,233.47,226.59,229.24
8/29/2015,233.4,233.95,228,229.55
8/28/2015,224.34,236.18,221.2,233.4
8/27/2015,226.35,229.99,224,224.34
8/26/2015,223.58,231.97,220.16,226.35
8/25/2015,213.38,229.49,198.02,223.58
8/24/2015,228.3,229.84,210,213.38
8/23/2015,230.62,233.25,226.15,228.3
8/22/2015,233.71,235.53,222.68,230.62
8/21/2015,235.49,236.99,231.37,233.71
8/20/2015,227.84,238.2,226.58,235.49
8/19/2015,247.43,247.43,200,227.84
8/18/2015,258.49,258.64,245.67,247.43
8/17/2015,259.19,261.57,255.58,258.49
8/16/2015,262.21,263.1,255.67,259.19
8/15/2015,266.52,267.69,262.05,262.21
8/14/2015,264.92,267.98,262.5,266.52
8/13/2015,269.43,269.49,262.94,264.92
8/12/2015,271.2,272.4,265.79,269.43
8/11/2015,265.18,271.99,263.48,271.2
8/10/2015,267.91,268.89,263.17,265.18
8/9/2015,261.08,268.8,260.97,267.91
8/8/2015,279.54,280.16,260.07,261.08
8/7/2015,279.91,281.17,277.05,279.54
8/6/2015,282.24,282.77,278.95,279.91
8/5/2015,285.31,286.25,282.01,282.24
8/4/2015,281.63,286.47,280.11,285.31
8/3/2015,282.55,285.86,280.27,281.63
8/2/2015,282.06,282.58,277.33,282.55
8/1/2015,284.68,285.6,277.26,282.06
7/31/2015,288.25,290,282.79,284.68
7/30/2015,289.53,291.56,286.56,288.25
7/29/2015,295.73,296.58,289.01,289.53
7/28/2015,294.44,298,293.35,295.73
7/27/2015,293.25,297,287.24,294.44
7/26/2015,289.64,294.49,288.65,293.25
7/25/2015,289.48,291.67,286.82,289.64
7/24/2015,276.91,291.52,276.43,289.48
7/23/2015,277.5,279.75,276.28,276.91
7/22/2015,277.13,278.54,275.01,277.5
7/21/2015,278.7,281.27,276.85,277.13
7/20/2015,275.59,279.72,273.34,278.7
7/19/2015,277.56,278.48,275,275.59
7/18/2015,279.95,282.71,276.34,277.56
7/17/2015,278.71,281.38,272.64,279.95
7/16/2015,285.22,292.78,275,278.71
7/15/2015,288.2,294.11,285.18,285.22
7/14/2015,292.35,297.78,286.25,288.2
7/13/2015,311.96,312.91,281.62,292.35
7/12/2015,294.77,316.52,293.5,311.96
7/11/2015,286.85,299,284.5,294.77
7/10/2015,269.48,294.71,269.25,286.85
7/9/2015,270.64,272.5,267.1,270.21
7/8/2015,267.19,273.97,264.41,270.64
7/7/2015,270.41,272.11,264.5,267.19
7/6/2015,271.15,277.88,268.27,270.41
7/5/2015,260.61,275.25,258.99,271.15
7/4/2015,256.36,261,254.4,260.72
7/3/2015,255.22,257.37,252.77,256.36
7/2/2015,257.97,262,253,255.22
7/1/2015,264.94,265.45,255.12,257.97
6/30/2015,257.35,269.39,255.91,264.94
6/29/2015,249.79,257.99,249.09,257.57
6/28/2015,251.67,252,247.51,249.79
6/27/2015,243,252.22,242.3,251.67
6/26/2015,242.14,243.1,239.91,243
6/25/2015,240.89,243.44,239.91,242.14
6/24/2015,244.07,244.92,239.51,240.89
6/23/2015,247.75,248.06,243.01,244.07
6/22/2015,244.64,248.5,243.86,247.75
6/21/2015,246.67,246.98,242,244.64
6/20/2015,246.57,246.99,246.56,246.67
6/19/2015,248.93,251.05,245.56,245.56
6/18/2015,248.37,253.29,243.51,248.93
6/17/2015,251.93,259.46,247,248.37
6/16/2015,237.47,253.26,236.01,251.93
6/15/2015,233.6,238.5,233.6,237.47
6/14/2015,233.18,235,232.53,233.6
6/13/2015,230.26,233.33,228.79,233.18
6/12/2015,229.62,231.32,229.01,230.26
6/11/2015,228.67,230.92,228.67,229.62
6/10/2015,229.74,230.45,227.98,228.67
6/9/2015,229.02,232.06,228.31,229.74
6/8/2015,223.96,230.16,223.63,229.02
6/7/2015,225.02,226.09,222.88,223.96
6/6/2015,225.33,225.61,224.27,225.02
6/5/2015,224.31,226.74,223.01,225.33
6/4/2015,225.57,226.07,223.56,224.31
6/3/2015,225.25,227.45,223.82,225.57
6/2/2015,223.6,226.68,221.84,225.25
6/1/2015,229.88,230.99,221.58,223.6
5/31/2015,232.93,233.94,229.55,229.88
5/30/2015,236.94,236.99,231,232.93
5/29/2015,236.8,237.68,235.01,236.94
5/28/2015,237.74,238.48,236.23,236.8
5/27/2015,237.61,238.75,236.02,237.74
5/26/2015,237.47,238.34,235.81,237.61
5/25/2015,240.91,241.4,236.71,237.47
5/24/2015,239.07,242,238.27,240.91
5/23/2015,240.34,240.64,237.89,239.07
5/22/2015,235.72,242,235.11,240.34
5/21/2015,234.25,236.74,234.13,235.72
5/20/2015,232.4,235,232.31,234.25
5/19/2015,233.28,234.92,231.53,232.4
5/18/2015,237.22,237.89,231.66,233.28
5/17/2015,236.73,238.45,236.7,237.22
5/16/2015,237.84,237.99,235.48,236.73
5/15/2015,237.19,239,236.89,237.84
5/14/2015,237.56,240,232.61,237.19
5/13/2015,242.81,244.13,235.54,237.56
5/12/2015,242.81,243.4,240.37,242.81
5/11/2015,241.25,245.49,239.5,242.81
5/10/2015,242.57,244.89,239.63,241.25
5/9/2015,244.65,247.6,240,242.57
5/8/2015,237.91,247.06,236.35,244.65
5/7/2015,230.89,239.18,228.38,237.91
5/6/2015,236.18,237.87,228.38,230.89
5/5/2015,239.8,240,232,236.18
5/4/2015,240.63,243.99,238.06,239.8
5/3/2015,236.26,242.97,234.26,240.63
5/2/2015,234.01,237.15,233,236.26
5/1/2015,236.59,238.78,234,234.01
4/30/2015,225.91,240,225.1,236.59
4/29/2015,225.48,227.3,220.2,225.91
4/28/2015,227.2,229.04,220.46,225.48
4/27/2015,220.5,231.11,218.78,227.2
4/26/2015,227.06,227.91,215.56,220.5
4/25/2015,232.38,233.67,226.83,227.06
4/24/2015,235.49,236.93,230.12,232.38
4/23/2015,234,236,232.79,235.49
4/22/2015,234.91,238.6,232.78,234
4/21/2015,225.04,235.81,224.01,234.91
4/20/2015,224.05,227.45,223.45,225.04
4/19/2015,223.99,226.72,223.44,224.05
4/18/2015,223.5,224.04,222.18,223.99
4/17/2015,229.09,230.08,220.46,223.5
4/16/2015,223.88,230.75,223.55,229.09
4/15/2015,220.53,224.24,218.09,223.88
4/14/2015,221.48,222.16,216.92,220.53
4/13/2015,238.03,238.03,238.03,238.03
4/12/2015,238.13,239.16,234.02,238.03
4/11/2015,235.86,239.99,234.77,238.13
4/10/2015,243.65,244.95,232.35,235.86
4/9/2015,246.65,248.16,239.02,243.65
4/8/2015,255.67,255.75,244.29,246.65
4/7/2015,257.57,258.11,253.45,255.67
4/6/2015,261.46,263,255,257.57
4/5/2015,254.87,262,252.06,261.46
4/4/2015,255.68,256.6,251.26,254.87
4/3/2015,254.48,257.43,252.59,255.68
4/2/2015,247.25,255.24,245.8,254.48
4/1/2015,245.26,248.22,241.07,247.25
3/31/2015,248.59,249.98,242.87,245.26
3/30/2015,243.58,250.06,237.94,248.59
3/29/2015,253.47,254,241,243.58
3/28/2015,248.68,254.99,247.63,253.47
3/27/2015,250.16,250.99,246.44,248.68
3/26/2015,247,254.9,244.92,250.16
3/25/2015,248.81,249.99,234.51,247
3/24/2015,265.61,268.51,244.86,248.81
3/23/2015,270,273.99,260.81,265.61
3/22/2015,261.83,271.27,259.71,270
3/21/2015,263.71,264.04,256.66,261.83
3/20/2015,263.28,267.42,259.31,263.71
3/19/2015,258.51,266.8,249.2,263.28
3/18/2015,286.87,287.05,250,258.51
3/17/2015,292.03,293.69,284.01,286.87
3/16/2015,287.46,294.99,287.02,292.03
3/15/2015,284.29,289.24,282.5,287.46
3/14/2015,287,289,280.86,284.29
3/13/2015,296.11,296.52,284.86,287
3/12/2015,296.63,298.9,291.87,296.11
3/11/2015,292.56,297.8,290.51,296.63
3/10/2015,290.23,299.48,288.96,292.56
3/9/2015,274.82,294.42,274.82,290.23
3/8/2015,276.33,278.97,270.29,274.82
3/7/2015,273.91,279.44,270.55,276.33
3/6/2015,277.12,280,269.12,273.91
3/5/2015,273.56,281.09,262.49,277.12
3/4/2015,282.42,287,267.39,273.56
3/3/2015,274.93,289.5,267.07,282.42
3/2/2015,260.35,275,258.21,274.93
3/1/2015,255.59,259.97,246.3,258.78
2/28/2015,255.96,256.97,250,255.51
2/27/2015,237.1,259,236.29,255.96
2/26/2015,238.45,238.46,234.33,237.1
2/25/2015,239.78,240.99,235.44,238.45
2/24/2015,239.49,241.21,235.51,240.13
2/23/2015,236.72,240.97,232,239.69
2/22/2015,245.86,247.48,234.01,236.72
2/21/2015,245.54,248.12,244,245.86
2/20/2015,242.42,248.32,239.99,245.89
2/19/2015,235.91,245,235.58,242.42
2/18/2015,244,246,231.93,235.91
2/17/2015,236.82,248,233,244
2/16/2015,234,241,229.6,236.82
2/15/2015,257.48,267.86,228,234
2/14/2015,236.65,259.98,236.08,257.48
2/13/2015,222.45,242.36,221.55,236.65
2/12/2015,220.02,224.61,218,222.45
2/11/2015,220.84,223.61,217.46,220.02
2/10/2015,222.19,222.64,215,220.84
2/9/2015,224.16,225,216.45,222.19
2/8/2015,228.7,231.6,220,224.16
2/7/2015,222.82,230.5,222.44,228.7
2/6/2015,216,226.64,216,222.82
2/5/2015,226.5,228.9,215,216
2/4/2015,228.31,230.99,221.5,226.5
2/3/2015,237.79,243.9,225.32,228.31
2/2/2015,227,240.1,220.89,237.79
2/1/2015,219,233.79,210,227
1/31/2015,232.55,234.67,217.11,219
1/30/2015,234.52,244.59,227.89,232.55
1/29/2015,236.14,242,221.14,234.52
1/28/2015,262.69,265.99,228.5,236.14
1/27/2015,270,278.47,244.03,262.69
1/26/2015,254.53,322.72,241.43,270
1/25/2015,240,256.26,240,254.53
1/24/2015,235,250.58,215,240
1/23/2015,226.32,235,215,235
1/22/2015,225.51,257.73,216.59,226.32
1/21/2015,208,225.51,208,225.51
1/20/2015,225.51,225.51,208,208
1/19/2015,184,225.51,184,225.51
1/18/2015,184,184,184,184
1/17/2015,199.46,210,184,184
1/16/2015,211.91,225.5,189,199.46
1/15/2015,120,224,120,211.91
1/14/2015,260,260,109.87,120
1/13/2015,288.99,288.99,260,260
1/12/2015,288.99,288.99,288.99,288.99
1/11/2015,288.99,288.99,288.99,288.99
1/10/2015,288.99,288.99,288.99,288.99
1/9/2015,288.99,288.99,288.99,288.99
1/8/2015,340,360,264.81,288.99
1/7/2015,340,340,340,340
1/6/2015,340,340,340,340
1/5/2015,340,340,340,340
1/4/2015,340,340,340,340
1/3/2015,340,340,340,340
1/2/2015,340,340,340,340
1/1/2015,340,340,340,340
12/31/2014,340,340,340,340
12/30/2014,340,340,340,340
12/29/2014,340,340,340,340
12/28/2014,340,340,340,340
12/27/2014,340,340,340,340
12/26/2014,340,340,340,340
12/25/2014,340,340,340,340
12/24/2014,340,340,340,340
12/23/2014,340,340,340,340
12/22/2014,340,340,340,340
12/21/2014,340,340,340,340
12/20/2014,340,340,340,340
12/19/2014,340,340,340,340
12/18/2014,350,350,340,340
12/17/2014,350,350,350,350
12/16/2014,350,350,350,350
12/15/2014,350,350,350,350
12/14/2014,350,350,350,350
12/13/2014,350,350,350,350
12/12/2014,360.5,379,350,350
12/11/2014,360.5,360.5,360.5,360.5
12/10/2014,375,398,360.5,360.5
12/9/2014,375,375,375,375
12/8/2014,378,378,375,375
12/7/2014,378,378,378,378
12/6/2014,377.1,378,377.1,378
12/5/2014,377.1,377.1,377.1,377.1
12/4/2014,378,378,377.1,377.1
12/3/2014,378,378,377.01,378
12/2/2014,370,378,370,378
12/1/2014,300,370,300,370
